,Issue,Neglected_perc_YES,Heard_of_perc_YES
0,"Crisis, gridlock, and accelerating fragility",78.57142857142857,82.14285714285714
1,A crisis in sensemaking,67.85714285714286,85.71428571428571
2,Adverse Trends of Growing Social Divisions Within Societies,39.285714285714285,100.0
3,A crisis in mental health,57.14285714285714,92.85714285714286
4,Geoengineering wars,71.42857142857143,67.85714285714286
5,The expectation of solar radiation management destroys decarbonisation incentives,64.28571428571429,75.0
6,Manipulation of human brains by biotechnical implants,75.0,60.71428571428571
7,Collapse of the Reinsurance Industry,64.28571428571429,64.28571428571429
8,Change to a superrotating state of the atmosphere,85.71428571428571,10.714285714285714
9,Our choices under run-away risks will inevitably create winners and losers,50.0,89.28571428571429
10,Status-Quo Path-Dependence by Elites,75.0,82.14285714285714
11,Artificial Intelligence and Truth Decay,53.57142857142857,92.85714285714286
12,Unmanaged concrete structures destroying civilizations,67.85714285714286,14.285714285714285
13,"Scientific knowledge begins to collapse, leading to societal collapse",60.71428571428571,75.0
14,Antimicrobial Resistance (AMR),46.42857142857143,92.85714285714286
15,Supply Chains,46.42857142857143,89.28571428571429
16,Model-based decision-making undermines information literacy and democracy,64.28571428571429,71.42857142857143
17,Interactions of global catastrophic risks with each other and systemic risk in general,78.57142857142857,96.42857142857143
18,Global Food Security,57.14285714285714,100.0
19,Catastrophic Impacts from Satellite Megaconstellations,89.28571428571429,17.857142857142858
20,Collapse of economic growth,53.57142857142857,92.85714285714286
21,Break down of ecosystems and desertification,60.71428571428571,82.14285714285714
22,"Automation, simplification, and collapse",78.57142857142857,75.0
23,The risk of sudden massive crop losses,71.42857142857143,96.42857142857143
24,Combination of natural and technological disasters,57.14285714285714,85.71428571428571
25,The end of the city,60.71428571428571,28.57142857142857
26,Collapse of trade networks due to destruction of key hubs and/or cascading food export bans,78.57142857142857,96.42857142857143
27,Erosion of Social Cohesion,53.57142857142857,100.0
28,Firestorms cool the climate and create global famine,75.0,53.57142857142857
29,A trend towards ‘high-tech’ international law results in differential strengthening and erosion of the governance system,78.57142857142857,57.14285714285714
30,A Tipping Point in Novel Entities,82.14285714285714,64.28571428571429
31,Locked in climate tipping point impacts undermines capacity for climate action: ice sheet collapse and sea level rise,42.857142857142854,100.0
32,Civilizational Risk: Nuclear Famine,50.0,92.85714285714286
33,"It is increasingly clear that adaptation has limits that also depend on our success to mitigate, to develop sustainably and transform",42.857142857142854,89.28571428571429
34,Adverse Trends in Information Pollution and Risk of Conflict,32.142857142857146,100.0
35,Political radicalisation and polarization driven by ecological destabilisation and mitigation policies that disregard equity,57.14285714285714,89.28571428571429
36,Abandonment of the internet in the face of a wave of persuasive social AI systems,75.0,28.57142857142857
37,Global governance failures,60.71428571428571,100.0
38,Anomie (Social Disintegration) driven by ecological destabilisation and response failure,82.14285714285714,67.85714285714286
39,In over our heads,71.42857142857143,39.285714285714285
40,Unclear future of the ocean carbon sink and heat uptake,60.71428571428571,67.85714285714286
41,"Large-scale heat stress impacts on humans, subsistence, and industry in the tropics",78.57142857142857,85.71428571428571
42,The weakening of the AMOC,50.0,85.71428571428571
43,Populism and nationalistic leadership,17.857142857142858,100.0
44,Collapse of “truth”,50.0,96.42857142857143
45,Displacement driven by ecological destabilisation and lack of managed relocation policies,60.71428571428571,89.28571428571429
46,Uncontrolled and unregulated use of Artificial Intelligence,39.285714285714285,100.0
47,The favorable potential of genomic sequencing of aircraft wastewater for early pandemic detection,57.14285714285714,53.57142857142857
48,Risk Accelerator: Integration of AI in Nuclear Weapons Systems,75.0,78.57142857142857
49,Labour displacement from artificial intelligence,35.714285714285715,100.0
50,Unilateral Deployment of Solar Radiation Management,64.28571428571429,67.85714285714286
51,Use of inadequate tools for climate risk assessment and adaptation,71.42857142857143,78.57142857142857
52,Breakdown in Global Trade,42.857142857142854,85.71428571428571
53,Poverty-conflict-environmental degradation tipping points,57.14285714285714,89.28571428571429
54,Locked in climate tipping point impacts undermines capacity for climate action: Atlantic convection collapse and weather pattern disruption,57.14285714285714,82.14285714285714
55,Climate Change and national/global security,42.857142857142854,96.42857142857143
56,State Capacity Deficits,67.85714285714286,92.85714285714286
57,Extreme positive feedback on global through stratocumulus cloud break up is not reversible through solar geoengineering,85.71428571428571,32.142857142857146
58,Water scarcity after trade stops,78.57142857142857,57.14285714285714
59,Emerging technologies and geopolitical instability,67.85714285714286,89.28571428571429
60,Societal Tipping points as the main mechanism for societal collapse,53.57142857142857,96.42857142857143
61,Deteriorating quality of the governance of nuclear weapon states ,60.71428571428571,82.14285714285714
62,Erosion of Democracy,14.285714285714285,100.0
63,The meta-tipping point in scientific research,32.142857142857146,57.14285714285714
64,"With a nuclear war, new species / pandemics emerge",57.14285714285714,25.0
65,AI and arms use; in bioengineering or arms races,82.14285714285714,82.14285714285714
66,Violation of international law and treaties can contribute to global catastrophic risks,42.857142857142854,85.71428571428571
67,Kessler syndrome in low earth orbit disrupts communication and spacefaring technology,78.57142857142857,60.71428571428571
68,Loss of knowledge through automatization,71.42857142857143,60.71428571428571
69,Populism and Nationalism in the Geopolitical climate,32.142857142857146,96.42857142857143
70,"Increasing automation of economy and industry results in ever greater efficiencies, but drive the global economy and digital system closer to a tipping point of sociotechnical fragility, that can be triggered by small shocks",78.57142857142857,82.14285714285714
71,Planetary scale resource degradation,42.857142857142854,96.42857142857143
72,Loss of primary productivity,53.57142857142857,67.85714285714286
73,Near-term worst case climate conditions leading to widespread crop failure,67.85714285714286,92.85714285714286
74,Resource scarcity leading to interstate conflict ,50.0,92.85714285714286
75,A New Limits to Growth: Overacceleration due to AI,75.0,75.0
76,Sand war: The increasing demand and depletion of sand threatening environment and societies,85.71428571428571,53.57142857142857
77,Supercharged Surveillance States,64.28571428571429,89.28571428571429
78,"Hot War in Europe, Middle East and Far East cascading into a Nuclear War",35.714285714285715,92.85714285714286
79,"ICT infrastructure failures, supply chains, and food security",71.42857142857143,75.0
80,Recovery of global communication systems from long-term downtime,78.57142857142857,67.85714285714286
81,Accelerated development and deployment of AWS without adequate oversight,71.42857142857143,85.71428571428571
82,The risk of nuclear war is probably increasing due to several trends,42.857142857142854,100.0
83,Cascading loss of food system complexity causing mass starvation,75.0,96.42857142857143
84,Cracks in the foundation: critical transitions in degrading soil pose civilizational risks,82.14285714285714,82.14285714285714
85,Cascading Negative Social Tipping Dynamics driven by ecological destabilisation,64.28571428571429,89.28571428571429
86,Nuclear Risks,32.142857142857146,100.0
87,Can degrading soil microbiome cause regime shifts in soils?,89.28571428571429,39.285714285714285
88,Climate tipping point interactions substantially worsen climate impacts,53.57142857142857,100.0
89,Geoengineering to prevent climate tipping points increases tail risk of termination shock,82.14285714285714,78.57142857142857
90,Automatization,35.714285714285715,85.71428571428571
91,Rapid West Antarctic ice sheet collapse + meltwater pulse,46.42857142857143,85.71428571428571
92,Rising great power tensions as a catalyst for catastrophic and existential technological threats,35.714285714285715,92.85714285714286
93,A new economic system starts in China,60.71428571428571,17.857142857142858
94,Psychographics (Dual Characteristics),50.0,64.28571428571429
95,Favorable trend: Growing appreciation that island nations could be refuges for human survival after global catastrophes ,71.42857142857143,42.857142857142854
