,Issue,Issue_cat,Mean_score,Median_rank,Final_rank,492e4b,Rank_0,22338c,Rank_1,9f1eb6,Rank_2,04545f,Rank_3,6d4470,Rank_4,ed22ef,Rank_5,540a7a,Rank_6,708920,Rank_7,9a2d12,Rank_8,cdefc7,Rank_9,d9bf00,Rank_10,3ee680,Rank_11,e5ed2f,Rank_12,029745,Rank_13,b59cd1,Rank_14,3bf1fb,Rank_15,04c88f,Rank_16,e96af1,Rank_17,4f4fcd,Rank_18,53465a,Rank_19,3b7706,Rank_20,874d58,Rank_21,fb235a,Rank_22,79bd39,Rank_23,d2282d,Rank_24,7b9161,Rank_25,fbb58e,Rank_26,2a8c4a,Rank_27
0,Risk Accelerator: Integration of AI in Nuclear Weapons Systems,Nuclear Weapons,633.5035714,25.5,1,650,41.0,890,11.0,396,33,387,60.0,500.1,61.0,500,63.5,900,2.0,754,12.0,301,51.5,512,47,926,6,787,19.0,651,15.0,400,44.0,702,7.0,120,54.0,555,14.0,526,32.0,200,82.5,475,64.0,900,11.0,888,19.0,877,15.0,819,4.0,912,8.0,800,2.5,812,33.0,598,49.0
1,Cracks in the foundation: critical transitions in degrading soil pose civilizational risks merged with can degrading soil microbiome cause regime shifts in soils?,Climate Environment & Ecology,611.1071429,25.75,2,855,11.0,244,84.0,280,71,723,31.5,910.0,8.0,850,2.0,893,9.0,499,52.0,501,13.0,155,80,888,29,666,28.0,624,17.0,259,56.0,390,53.0,80,69.5,135,49.5,688,15.0,670,39.0,798,8.0,600,65.5,850,23.5,902,8.0,809,10.0,825,21.5,710,4.0,973,4.0,334,85.0
2,Supercharged Surveillance States merged with psychographics,Government & Politics,572.3571429,28.5,3,730,27.0,886,13.0,650,5,567,45.5,673.0,39.5,366,89.0,323,75.0,663,25.0,310,46.0,757,24,935,2,899,3.0,462,64.0,234,58.0,430,47.5,270,16.0,470,20.0,288,65.0,400,63.0,715,15.0,880,22.5,931,15.0,39,92.0,765,27.0,535,55.0,570,22.5,862,30.0,416,78.0
3,Cascading loss of food system complexity causing mass starvation merged with nearterm worst case climate conditions leading to widespread crop failure,Food Security,608.2535714,30.5,4,942,3.0,834,29.0,450,18,889,18.0,734.1,33.0,387,87.5,575,39.0,743,16.5,355,38.5,222,68,803,43,400,50.0,609,20.0,433,39.0,458,41.0,400,7.5,400,22.0,749,5.0,800,23.0,701,21.5,720,45.5,498,60.0,620,46.0,740,32.0,775,26.0,580,20.0,879,25.0,335,84.0
4,Status-Quo Path-Dependence by Elites merged with Erosion of Social Cohesion,Society,600.4642857,31.5,5,400,71.0,867,20.5,453,17,874,23.0,770.0,28.0,599,49.0,420,63.0,748,15.0,188,82.0,165,78,745,50,920,1.0,300,89.5,850,1.0,677,13.5,120,54.0,280,27.0,709,10.0,400,63.0,895,2.0,790,34.0,500,57.0,760,29.0,720,36.0,499,59.5,580,20.0,798,35.0,786,11.0
5,Deteriorating quality of the governance of nuclear weapon states,Government & Politics,615.2392857,32.75,6,801,15.0,637,55.0,310,66,201,73.0,777.7,26.0,770,12.0,895,7.0,907,1.0,210,76.0,608,40,660,70,200,79.0,358,79.0,673,12.0,676,15.0,300,13.5,800,2.0,634,17.5,500,54.0,550,48.0,880,22.5,689,44.0,910,6.0,708,39.5,940,3.0,700,7.5,430,75.5,502,62.5
6,The risk of sudden massive crop losses due to biosecurity risks.,Biosecurity,589.8214286,32.75,6,747,25.0,892,10.0,360,50,608,41.0,400.0,72.0,800,6.0,505,49.0,643,30.0,286,60.0,328,62,831,39,472,42.0,615,19.0,550,26.0,711,5.0,240,19.0,195,39.0,753,1.0,450,59.0,349,76.0,890,16.0,777,32.5,639,43.0,738,33.0,800,25.0,350,54.0,877,26.0,709,24.0
7,AI and arms use; in bioengineering or arms races,Biosecurity,596.9642857,33.5,8,871,9.5,905,4.0,460,14,444,55.0,899.0,11.0,500,63.5,810,14.0,561,44.5,300,53.5,440,53,909,20,504,40.0,475,61.0,600,18.0,680,12.0,350,10.5,650,6.5,207,76.0,620,47.0,707,19.0,900,11.0,723,37.0,70,86.0,708,39.5,905,11.0,540,30.0,478,68.5,499,66.0
8,Collapse of trade networks due to destruction of key hubs and/or cascading food export bans,Food Security,581.5,34.5,9,945,2.0,828,31.0,394,35,167,75.0,112.0,91.0,769,14.0,880,13.0,901,2.0,234,69.0,330,60,641,74,501,41.0,497,54.0,491,34.0,474,39.0,250,17.5,450,21.0,750,4.0,400,63.0,661,28.0,890,16.0,650,49.0,822,19.0,531,56.0,665,38.0,400,48.5,943,9.0,706,27.0
9,"Increasing automation of economy and industry results in ever greater efficiencies, but drive the global economy and digital system closer to a tipping point of sociotechnical fragility, that can be triggered by small shocks, merged with automation, simplification, and collapse",Systemic Risk,580.7857143,34.5,9,588,49.0,882,14.0,458,15,788,26.5,962.0,1.0,675,31.0,395,66.0,689,23.0,533,10.0,206,70,736,51,848,12.0,288,91.0,481,36.0,699,9.0,190,33.0,200,37.5,600,24.0,850,16.0,649,31.0,650,57.0,380,66.5,740,33.0,660,44.0,644,46.0,270,64.5,721,49.0,480,72.0
10,Accelerated development and deployment of AWS without adequate oversight,War & Security,585.4642857,35.0,11,910,6.0,821,34.0,398,31,189,74.0,677.0,38.0,550,58.5,570,40.0,659,26.0,300,53.5,581,44,913,17,807,13.5,657,13.0,700,8.0,421,49.0,160,40.5,80,67.5,540,29.0,400,63.0,799,6.5,900,11.0,230,76.0,807,20.0,717,38.0,910,10.0,467,36.0,876,27.5,354,82.0
11,"Crisis, gridlock, and accelerating fragility",Government & Politics,633.2178571,35.25,12,679,36.0,931,1.0,391,38,578,43.0,570.1,55.0,711,19.0,690,21.0,587,39.0,287,59.0,891,12,785,46,650,30.0,402,74.5,755,5.0,288,67.0,200,28.5,570,12.0,251,71.0,850,16.0,641,32.0,880,22.5,650,49.0,707,34.5,540,54.0,640,47.0,900,1.0,756,45.0,950,1.0
12,"Large-scale heat stress impacts on humans, subsistence, and industry in the tropics",Climate Environment & Ecology,615.8214286,35.25,12,587,50.0,671,52.5,640,6,934,7.0,375.0,73.0,660,37.5,615,33.0,749,14.0,432,23.0,786,21,680,69,651,29.0,457,66.0,455,38.0,555,26.5,100,63.5,120,55.5,734,7.0,900,5.5,378,71.5,550,69.5,800,28.5,946,1.0,780,21.0,895,15.0,428,45.0,760,43.5,605,42.0
13,Interactions of global catastrophic risks with each other and systemic risk in general,Systemic Risk,579.9285714,36.75,14,644,43.0,874,18.0,347,57,978,2.0,500.0,62.0,767,15.0,896,6.0,888,3.0,167,85.0,162,79,900,24,611,34.0,521,43.0,412,41.0,550,30.0,220,22.5,140,48.0,344,62.0,800,23.0,520,51.0,970,5.0,993,6.5,449,57.0,390,76.0,675,36.0,4,88.5,786,37.5,730,18.0
14,Recovery of global communication systems from long-term downtime,Systemic Risk,550.4642857,37.0,15,700,30.0,867,20.5,389,40,88,80.0,700.0,37.0,554,56.0,325,74.0,788,8.5,120,90.0,466,52,628,77,537,37.0,572,31.5,598,19.0,307,65.0,130,49.0,125,52.5,637,16.0,950,1.0,750,10.5,880,22.5,180,78.0,939,2.0,550,52.0,680,35.0,670,13.0,897,18.0,386,81.0
15,A Tipping Point in Novel Entities,Climate Environment & Ecology,532.9642857,37.5,16,342,79.0,578,60.0,426,21,602,42.0,583.0,52.5,454,72.5,550,43.0,729,20.0,502,12.0,509,49,548,92,911,2.0,420,70.5,166,65.0,703,6.0,200,28.5,250,33.0,291,64.0,750,30.5,180,86.0,450,79.5,59,83.0,899,10.0,760,28.0,925,7.0,540,30.0,896,19.5,700,32.5
16,Unclear future of the ocean carbon sink and heat uptake,Climate Environment & Ecology,617.2142857,37.5,16,649,42.0,847,26.0,120,88,890,16.5,373.0,74.0,600,47.0,898,4.0,554,49.0,822,2.0,692,31,851,35,253,70.0,669,12.0,347,50.0,470,40.0,450,5.5,125,52.5,634,17.5,650,43.0,900,1.0,540,71.5,700,40.0,333,64.0,801,13.0,880,16.0,700,7.5,920,14.5,614,41.0
17,Political radicalisation & polarisation driven by ecological destabilisation and mitigation policies that disregard equity,Society,555.7142857,37.75,18,745,26.0,756,45.0,325,62,927,9.0,128.0,90.0,660,37.5,610,34.0,803,7.0,291,56.0,965,4,834,38,336,55.0,312,85.5,461,37.0,189,74.0,30,87.0,310,24.0,294,63.0,920,2.0,720,14.0,500,74.5,650,49.0,329,65.0,745,31.0,500,57.5,600,17.5,970,5.0,650,35.5
18,Displacement driven by ecological destabilisation and lack of managed relocation policies merged with Cascading Negative Social Tipping Dynamics driven by ecological destabilisation,Society,580.9321429,38.0,19,766,21.0,609,59.0,371,49,780,28.0,420.1,71.0,645,44.0,700,20.0,771,10.0,350,40.0,778,22,610,85,370,52.0,680,10.0,537,28.0,222,71.5,60,79.0,165,43.5,606,20.0,880,9.0,599,41.5,780,36.0,430,63.0,756,31.0,781,20.0,470,67.0,680,12.0,850,31.0,600,46.0
19,Extreme positive feedback on global through stratocumulus cloud break up is not reversible through solar geoengineering,Climate Environment & Ecology,555.6071429,39.0,20,99,96.0,504,68.0,401,28,888,20.0,937.0,4.0,345,93.0,300,80.0,753,13.0,496,15.0,690,32,619,82,879,8.0,600,28.0,87,80.0,555,26.5,130,49.0,85,65.5,481,46.0,300,77.5,488,61.5,660,55.0,998,2.0,900,9.0,770,24.5,870,17.0,200,70.5,987,2.0,535,58.0
20,Geoengineering to prevent climate tipping points increases tail risk of termination shock,Climate Environment & Ecology,549.3928571,40.5,21,665,38.0,784,41.0,390,39,703,34.0,649.0,44.0,400,84.0,500,50.0,405,59.5,405,27.0,717,28,733,54,853,11.0,550,39.0,100,75.5,643,18.0,200,28.5,275,28.0,498,41.0,200,82.5,599,41.5,610,62.5,957,10.0,677,40.0,510,65.0,900,13.0,300,61.0,880,24.0,280,89.5
21,A New Limits to Growth: Overacceleration due to AI,AI,546.5357143,41.5,22,800,16.0,459,73.0,540,11,500,52.0,845.0,15.0,800,6.0,892,10.0,367,64.5,297,55.0,508,50,925,7,882,7.0,501,49.0,205,63.5,580,23.0,290,15.0,165,43.5,509,37.0,140,88.5,801,5.0,900,11.0,952,11.0,50,89.0,500,70.0,655,43.0,23,76.0,768,40.0,449,76.5
22,"ICT infrastructure failures, supply chains, and food security",Government & Politics,508.5,41.5,22,778,20.0,813,35.5,397,32,208,71.5,545.0,56.0,765,16.5,263,81.0,742,18.0,156,88.0,276,66,640,75,545,36.0,605,22.0,590,20.0,311,64.0,140,45.5,20,89.0,603,21.5,650,43.0,700,23.0,880,22.5,4,95.0,911,5.0,530,57.0,662,40.0,470,34.5,634,54.0,400,79.5
23,A crisis in sensemaking,Epistemics,490.8571429,43.75,24,701,29.0,893,9.0,600,8,16,86.0,739.0,32.0,404,81.0,315,77.0,327,73.0,369,32.0,960,5,904,22,203,77.5,402,74.5,508,32.0,115,80.0,80,69.5,255,32.0,699,14.0,700,34.5,701,21.5,450,79.5,380,66.5,213,72.0,100,91.0,622,52.0,450,41.5,754,46.0,884,2.0
24,Emerging technologies and geopolitical instability,Systemic Risk,521.3928571,43.75,24,911,5.0,880,15.0,230,76,222,69.5,724.0,35.0,654,42.0,645,28.0,467,54.0,311,45.0,397,55,927,5,300,67.0,504,48.0,750,6.0,541,31.0,350,10.5,200,37.5,489,42.5,300,77.5,498,60.0,900,11.0,950,12.0,588,47.0,150,89.0,911,9.0,3,91.5,267,84.0,530,60.0
25,Unilateral Deployment of Solar Radiation Management,Climate Environment & Ecology,546.8928571,44.25,26,710,28.0,615,58.0,412,23,800,24.0,661.0,43.0,541,61.0,455,55.5,557,46.5,504,11.0,726,25,653,71,800,15.5,571,33.0,115,71.0,220,73.0,140,45.5,95,61.5,630,19.0,780,26.5,299,79.0,470,78.0,350,70.0,769,27.5,815,5.0,897,14.0,300,61.0,843,32.0,585,51.0
26,Artificial Intelligence and Truth Decay merged with Collapse of Truth,Epistemics,509.3214286,46.0,27,375,76.0,846,27.0,580,9,50,81.0,587.0,51.0,700,21.0,655,26.0,619,36.0,218,73.0,956,7,890,28,204,76.0,757,5.0,515,30.0,93,85.0,140,45.5,145,46.5,701,12.0,850,16.0,400,69.0,640,59.5,700,40.0,444,58.0,180,88.0,375,80.0,400,48.5,460,72.0,781,12.0
27,Loss of primary productivity,Climate Environment & Ecology,515.5392857,46.0,27,764,22.0,834,29.0,190,80,723,31.5,907.1,9.0,588,51.0,230,87.0,641,31.0,486,16.0,667,34,624,79,471,43.0,671,11.0,335,51.0,577,24.0,150,42.5,70,70.5,150,83.0,460,57.5,531,49.0,630,61.0,400,64.5,357,61.0,803,12.0,760,29.0,5,85.0,931,12.0,480,72.0
28,Locked in climate tipping point impacts undermines capacity for climate action: ice sheet collapse and sea level rise merged with weakening of the AMOC,Climate Environment & Ecology,517.1321429,46.25,29,598,46.0,864,22.5,250,73,888,20.0,230.7,86.0,556,54.5,625,31.0,339,70.0,164,86.0,658,35,620,81,302,65.5,602,25.5,222,59.0,499,36.0,220,22.5,145,46.5,149,84.0,600,50.0,702,20.0,610,62.5,987,8.0,77,85.0,769,26.0,858,19.0,400,48.5,941,11.0,604,43.0
29,Societal Tipping points as the main mechanism for societal collapse,Society,498.1107143,48.5,30,695,32.0,743,46.0,354,51,788,26.5,450.1,69.0,545,60.0,560,41.0,724,21.0,288,57.5,792,20,735,52,310,61.0,580,30.0,105,73.0,368,57.0,170,38.5,600,9.0,524,33.0,750,30.5,378,71.5,840,31.0,17,90.0,10,96.0,519,63.0,673,37.0,3,91.5,900,17.0,526,61.0
30,The expectation of solar radiation management destroys decarbonisation incentives,Climate Environment & Ecology,486.8928571,49.0,31,667,37.0,774,42.0,170,82,622,40.0,573.0,54.0,442,79.0,111,95.0,153,86.5,539,9.0,715,29,625,78,419,47.0,572,31.5,61,84.0,317,62.5,70,74.5,45,80.0,535,30.0,600,50.0,570,45.0,400,84.0,996,3.5,565,48.0,650,45.0,475,66.0,270,64.5,895,21.0,802,6.5
31,Collapse of economic growth,Economics,454.325,51.0,32,150,91.0,856,25.0,700,4,532,48.0,623.1,46.0,800,6.0,220,90.0,108,88.0,201,78.0,180,76,734,53,807,13.5,394,77.0,135,67.0,75,90.0,130,49.0,185,40.0,592,25.0,500,54.0,281,81.0,880,22.5,300,73.5,559,49.0,690,41.0,437,72.0,200,70.5,732,47.0,720,21.0
32,Use of inadequate tools for climate risk assessment and adaptation,Climate Environment & Ecology,497.4642857,51.0,32,395,75.0,859,24.0,318,64,158,76.0,583.0,52.5,550,58.5,232,86.0,246,78.0,342,41.0,689,33,750,49,867,9.0,700,8.5,399,45.0,414,50.0,140,45.5,270,29.5,277,69.0,300,77.5,404,68.0,590,68.0,897,17.0,267,68.0,523,61.0,700,33.0,690,11.0,789,36.0,580,52.0
33,State Capacity Deficits,Government & Politics,478.0714286,51.5,34,652,40.0,541,65.0,290,70,923,11.0,606.0,50.0,800,6.0,400,65.0,743,16.5,379,30.0,200,71,612,83,364,53.0,801,4.0,606,17.0,50,93.0,30,87.0,205,36.0,489,42.5,900,5.5,724,12.0,750,40.5,9,93.0,69,87.0,490,71.0,230,90.0,450,41.5,523,60.0,550,57.0
34,Combination of natural and technological disasters,Systemic Risk,476.8928571,52.0,35,812,14.0,625,56.0,200,79,776,29.0,304.0,83.0,474,67.5,465,54.0,647,29.0,476,17.0,127,82,895,26,333,57.0,492,57.0,43,86.0,399,51.0,40,84.0,175,41.5,424,53.0,680,36.5,198,85.0,720,45.5,220,77.0,266,69.0,795,17.0,623,51.0,490,33.0,946,8.0,708,25.0
35,Catastrophic impacts from satellite megaconstellations merged with Kessler syndrome in low earth orbit disrupts communication and spacefaring technology,Space,493.4642857,56.5,36,398,73.5,411,76.0,150,84,280,64.0,917.0,7.0,443,77.5,630,30.0,561,44.5,499,14.0,510,48,694,63,889,5.0,320,83.0,64,83.0,730,4.0,100,63.5,295,26.0,59,91.0,300,77.5,519,52.0,640,59.5,502,54.0,890,13.0,526,59.0,650,44.0,230,68.0,890,22.0,720,21.0
36,Change to a superrotating state of the atmosphere,Climate Environment & Ecology,454.4285714,61.5,37,490,59.0,485,70.0,40,95,5,93.5,750.0,29.0,445,75.0,540,44.0,555,48.0,267,62.0,650,37,621,80,779,21.0,821,1.0,50,85.0,677,13.5,70,74.5,65,73.0,109,87.0,180,84.5,1,96.0,250,93.0,810,26.0,749,32.0,520,62.0,735,31.0,300,61.0,960,7.0,800,8.5
